{
  "best_params": {
    "seq_len": 48,
    "hidden_size": 128,
    "num_layers": 2,
    "dropout": 0.1,
    "lr": 0.0005,
    "batch_size": 128,
    "weight_decay": 1e-05
  },
  "cv_fold_f2s": [
    0.5944798301486199,
    0.5825242718446602,
    0.7344044431220866,
    0.6817610062893081,
    0.5678556785567855
  ],
  "cv_mean_f2": 0.6322,
  "cv_std_f2": 0.0647,
  "threshold": 0.5,
  "test": {
    "f2": 0.4957,
    "f1": 0.4028,
    "precision": 0.3069,
    "recall": 0.5859,
    "pr_auc": 0.4619,
    "roc_auc": 0.9503
  }
}