{
  "model_name": "mlp",
  "feature_count": 132,
  "threshold": 0.9,
  "best_params": {
    "lr": 0.0037161491039553783,
    "weight_decay": 2.522312175425262e-06,
    "batch_size": 128,
    "dropout": 0.13427980860230185,
    "hidden_dim_1": 256,
    "hidden_dim_2": 64
  },
  "cv": {
    "best_value": 0.4738789999240474,
    "best_trial_number": 0,
    "n_trials": 3,
    "trials": [
      {
        "trial_number": 0,
        "value": 0.4738789999240474,
        "params": {
          "lr": 0.0037161491039553783,
          "weight_decay": 2.522312175425262e-06,
          "batch_size": 128,
          "dropout": 0.13427980860230185,
          "hidden_dim_1": 256,
          "hidden_dim_2": 64
        }
      },
      {
        "trial_number": 1,
        "value": 0.4529081946518742,
        "params": {
          "lr": 0.0014354616182721503,
          "weight_decay": 1.616730511244947e-05,
          "batch_size": 64,
          "dropout": 0.15296037459713774,
          "hidden_dim_1": 256,
          "hidden_dim_2": 128
        }
      },
      {
        "trial_number": 2,
        "value": 0.4592022817707303,
        "params": {
          "lr": 0.00021857427655745163,
          "weight_decay": 7.587775468351453e-05,
          "batch_size": 256,
          "dropout": 0.27298063687569596,
          "hidden_dim_1": 128,
          "hidden_dim_2": 128
        }
      }
    ]
  },
  "validation_metrics": {
    "f1": 0.5479082321187584,
    "precision": 0.4566929133858268,
    "recall": 0.684654300168634,
    "accuracy": 0.9305555555555556,
    "roc_auc": 0.931043287088553
  },
  "test_metrics": {
    "f1": 0.2084942084942085,
    "precision": 0.15789473684210525,
    "recall": 0.3068181818181818,
    "accuracy": 0.9577145214521452,
    "roc_auc": 0.5132209702062642
  }
}